Zone;Département
Zone 01;49
Zone 02;35
Zone 02;37
Zone 02;44
Zone 02;53
Zone 02;72
Zone 02;79
Zone 02;85
Zone 02;86
Zone 03;14
Zone 03;16
Zone 03;17
Zone 03;18
Zone 03;22
Zone 03;23
Zone 03;24
Zone 03;27
Zone 03;28
Zone 03;29
Zone 03;33
Zone 03;36
Zone 03;41
Zone 03;45
Zone 03;50
Zone 03;56
Zone 03;61
Zone 03;87
Zone 04;75
Zone 04;78
Zone 04;91
Zone 04;92
Zone 04;93
Zone 04;94
Zone 04;95
Zone 05;3
Zone 05;10
Zone 05;15
Zone 05;19
Zone 05;21
Zone 05;32
Zone 05;40
Zone 05;42
Zone 05;43
Zone 05;46
Zone 05;47
Zone 05;58
Zone 05;60
Zone 05;63
Zone 05;64
Zone 05;65
Zone 05;69
Zone 05;71
Zone 05;76
Zone 05;77
Zone 05;80
Zone 05;82
Zone 05;89
Zone 06;1
Zone 06;2
Zone 06;7
Zone 06;8
Zone 06;9
Zone 06;12
Zone 06;26
Zone 06;31
Zone 06;38
Zone 06;39
Zone 06;48
Zone 06;51
Zone 06;52
Zone 06;54
Zone 06;55
Zone 06;59
Zone 06;62
Zone 06;70
Zone 06;81
Zone 06;88
Zone 07;4
Zone 07;5
Zone 07;6
Zone 07;11
Zone 07;13
Zone 07;25
Zone 07;30
Zone 07;34
Zone 07;57
Zone 07;66
Zone 07;67
Zone 07;68
Zone 07;73
Zone 07;74
Zone 07;83
Zone 07;84
Zone 07;90
