Destination;Zone
01100;Zone A
01000;Zone A
02000;Zone A
02100;Zone A
03000;Zone A
04000;Zone A
05000;Zone A
06000;Zone B
06100;Zone B
06200;Zone B
06300;Zone B
07200;Zone A
08000;Zone A
09000;Zone A
10000;Zone A
11000;Zone A
11100;Zone A
12000;Zone A
13000;Zone B
13001;Zone B
13002;Zone B
13003;Zone B
13004;Zone B
13005;Zone B
13006;Zone B
13007;Zone B
13008;Zone B
13009;Zone B
13010;Zone B
13011;Zone B
13012;Zone B
13013;Zone B
13014;Zone B
13015;Zone B
13016;Zone B
13090;Zone B
13100;Zone B
14000;Zone A
15000;Zone A
16000;Zone A
17000;Zone A
18000;Zone A
19100;Zone A
21000;Zone A
22000;Zone A
23000;Zone A
24000;Zone A
25000;Zone A
26000;Zone A
27000;Zone A
28000;Zone A
29200;Zone B
29000;Zone A
30000;Zone A
30900;Zone A
31000;Zone B
31001;Zone B
31002;Zone B
31003;Zone B
31004;Zone B
31005;Zone B
31006;Zone B
31007;Zone B
31008;Zone B
31009;Zone B
31010;Zone B
31011;Zone B
31012;Zone B
31013;Zone B
31014;Zone B
31015;Zone B
31016;Zone B
31017;Zone B
31018;Zone B
31019;Zone B
31020;Zone B
31021;Zone B
31022;Zone B
31023;Zone B
31024;Zone B
31025;Zone B
31026;Zone B
31027;Zone B
31028;Zone B
31029;Zone B
31030;Zone B
31031;Zone B
31032;Zone B
31033;Zone B
31034;Zone B
31035;Zone B
31036;Zone B
31037;Zone B
31038;Zone B
31039;Zone B
31040;Zone B
31041;Zone B
31042;Zone B
31043;Zone B
31044;Zone B
31045;Zone B
31046;Zone B
31047;Zone B
31048;Zone B
31049;Zone B
31050;Zone B
31051;Zone B
31052;Zone B
31053;Zone B
31054;Zone B
31055;Zone B
31056;Zone B
31057;Zone B
31058;Zone B
31059;Zone B
31060;Zone B
31061;Zone B
31062;Zone B
31063;Zone B
31064;Zone B
31065;Zone B
31066;Zone B
31067;Zone B
31068;Zone B
31069;Zone B
31070;Zone B
31071;Zone B
31072;Zone B
31073;Zone B
31074;Zone B
31075;Zone B
31076;Zone B
31077;Zone B
31078;Zone B
31079;Zone B
31080;Zone B
31081;Zone B
31082;Zone B
31083;Zone B
31084;Zone B
31085;Zone B
31086;Zone B
31087;Zone B
31088;Zone B
31089;Zone B
31090;Zone B
31091;Zone B
31092;Zone B
31093;Zone B
31094;Zone B
31095;Zone B
31096;Zone B
31097;Zone B
31098;Zone B
31099;Zone B
31100;Zone B
31101;Zone B
31102;Zone B
31103;Zone B
31104;Zone B
31105;Zone B
31106;Zone B
31107;Zone B
31108;Zone B
31109;Zone B
31110;Zone B
31111;Zone B
31112;Zone B
31113;Zone B
31114;Zone B
31115;Zone B
31116;Zone B
31117;Zone B
31118;Zone B
31119;Zone B
31120;Zone B
31121;Zone B
31122;Zone B
31123;Zone B
31124;Zone B
31125;Zone B
31126;Zone B
31127;Zone B
31128;Zone B
31129;Zone B
31130;Zone B
31131;Zone B
31132;Zone B
31133;Zone B
31134;Zone B
31135;Zone B
31136;Zone B
31137;Zone B
31138;Zone B
31139;Zone B
31140;Zone B
31141;Zone B
31142;Zone B
31143;Zone B
31144;Zone B
31145;Zone B
31146;Zone B
31147;Zone B
31148;Zone B
31149;Zone B
31150;Zone B
31151;Zone B
31152;Zone B
31153;Zone B
31154;Zone B
31155;Zone B
31156;Zone B
31157;Zone B
31158;Zone B
31159;Zone B
31160;Zone B
31161;Zone B
31162;Zone B
31163;Zone B
31164;Zone B
31165;Zone B
31166;Zone B
31167;Zone B
31168;Zone B
31169;Zone B
31170;Zone B
31171;Zone B
31172;Zone B
31173;Zone B
31174;Zone B
31175;Zone B
31176;Zone B
31177;Zone B
31178;Zone B
31179;Zone B
31180;Zone B
31181;Zone B
31182;Zone B
31183;Zone B
31184;Zone B
31185;Zone B
31186;Zone B
31187;Zone B
31188;Zone B
31189;Zone B
31190;Zone B
31191;Zone B
31192;Zone B
31193;Zone B
31194;Zone B
31195;Zone B
31196;Zone B
31197;Zone B
31198;Zone B
31199;Zone B
31200;Zone B
31201;Zone B
31202;Zone B
31203;Zone B
31204;Zone B
31205;Zone B
31206;Zone B
31207;Zone B
31208;Zone B
31209;Zone B
31210;Zone B
31211;Zone B
31212;Zone B
31213;Zone B
31214;Zone B
31215;Zone B
31216;Zone B
31217;Zone B
31218;Zone B
31219;Zone B
31220;Zone B
31221;Zone B
31222;Zone B
31223;Zone B
31224;Zone B
31225;Zone B
31226;Zone B
31227;Zone B
31228;Zone B
31229;Zone B
31230;Zone B
31231;Zone B
31232;Zone B
31233;Zone B
31234;Zone B
31235;Zone B
31236;Zone B
31237;Zone B
31238;Zone B
31239;Zone B
31240;Zone B
31241;Zone B
31242;Zone B
31243;Zone B
31244;Zone B
31245;Zone B
31246;Zone B
31247;Zone B
31248;Zone B
31249;Zone B
31250;Zone B
31251;Zone B
31252;Zone B
31253;Zone B
31254;Zone B
31255;Zone B
31256;Zone B
31257;Zone B
31258;Zone B
31259;Zone B
31260;Zone B
31261;Zone B
31262;Zone B
31263;Zone B
31264;Zone B
31265;Zone B
31266;Zone B
31267;Zone B
31268;Zone B
31269;Zone B
31270;Zone B
31271;Zone B
31272;Zone B
31273;Zone B
31274;Zone B
31275;Zone B
31276;Zone B
31277;Zone B
31278;Zone B
31279;Zone B
31280;Zone B
31281;Zone B
31282;Zone B
31283;Zone B
31284;Zone B
31285;Zone B
31286;Zone B
31287;Zone B
31288;Zone B
31289;Zone B
31290;Zone B
31291;Zone B
31292;Zone B
31293;Zone B
31294;Zone B
31295;Zone B
31296;Zone B
31297;Zone B
31298;Zone B
31299;Zone B
31300;Zone B
31301;Zone B
31302;Zone B
31303;Zone B
31304;Zone B
31305;Zone B
31306;Zone B
31307;Zone B
31308;Zone B
31309;Zone B
31310;Zone B
31311;Zone B
31312;Zone B
31313;Zone B
31314;Zone B
31315;Zone B
31316;Zone B
31317;Zone B
31318;Zone B
31319;Zone B
31320;Zone B
31321;Zone B
31322;Zone B
31323;Zone B
31324;Zone B
31325;Zone B
31326;Zone B
31327;Zone B
31328;Zone B
31329;Zone B
31330;Zone B
31331;Zone B
31332;Zone B
31333;Zone B
31334;Zone B
31335;Zone B
31336;Zone B
31337;Zone B
31338;Zone B
31339;Zone B
31340;Zone B
31341;Zone B
31342;Zone B
31343;Zone B
31344;Zone B
31345;Zone B
31346;Zone B
31347;Zone B
31348;Zone B
31349;Zone B
31350;Zone B
31351;Zone B
31352;Zone B
31353;Zone B
31354;Zone B
31355;Zone B
31356;Zone B
31357;Zone B
31358;Zone B
31359;Zone B
31360;Zone B
31361;Zone B
31362;Zone B
31363;Zone B
31364;Zone B
31365;Zone B
31366;Zone B
31367;Zone B
31368;Zone B
31369;Zone B
31370;Zone B
31371;Zone B
31372;Zone B
31373;Zone B
31374;Zone B
31375;Zone B
31376;Zone B
31377;Zone B
31378;Zone B
31379;Zone B
31380;Zone B
31381;Zone B
31382;Zone B
31383;Zone B
31384;Zone B
31385;Zone B
31386;Zone B
31387;Zone B
31388;Zone B
31389;Zone B
31390;Zone B
31391;Zone B
31392;Zone B
31393;Zone B
31394;Zone B
31395;Zone B
31396;Zone B
31397;Zone B
31398;Zone B
31399;Zone B
31400;Zone B
31401;Zone B
31402;Zone B
31403;Zone B
31404;Zone B
31405;Zone B
31406;Zone B
31407;Zone B
31408;Zone B
31409;Zone B
31410;Zone B
31411;Zone B
31412;Zone B
31413;Zone B
31414;Zone B
31415;Zone B
31416;Zone B
31417;Zone B
31418;Zone B
31419;Zone B
31420;Zone B
31421;Zone B
31422;Zone B
31423;Zone B
31424;Zone B
31425;Zone B
31426;Zone B
31427;Zone B
31428;Zone B
31429;Zone B
31430;Zone B
31431;Zone B
31432;Zone B
31433;Zone B
31434;Zone B
31435;Zone B
31436;Zone B
31437;Zone B
31438;Zone B
31439;Zone B
31440;Zone B
31441;Zone B
31442;Zone B
31443;Zone B
31444;Zone B
31445;Zone B
31446;Zone B
31447;Zone B
31448;Zone B
31449;Zone B
31450;Zone B
31451;Zone B
31452;Zone B
31453;Zone B
31454;Zone B
31455;Zone B
31456;Zone B
31457;Zone B
31458;Zone B
31459;Zone B
31460;Zone B
31461;Zone B
31462;Zone B
31463;Zone B
31464;Zone B
31465;Zone B
31466;Zone B
31467;Zone B
31468;Zone B
31469;Zone B
31470;Zone B
31471;Zone B
31472;Zone B
31473;Zone B
31474;Zone B
31475;Zone B
31476;Zone B
31477;Zone B
31478;Zone B
31479;Zone B
31480;Zone B
31481;Zone B
31482;Zone B
31483;Zone B
31484;Zone B
31485;Zone B
31486;Zone B
31487;Zone B
31488;Zone B
31489;Zone B
31490;Zone B
31491;Zone B
31492;Zone B
31493;Zone B
31494;Zone B
31495;Zone B
31496;Zone B
31497;Zone B
31498;Zone B
31499;Zone B
31500;Zone B
32000;Zone A
33000;Zone B
33100;Zone B
33200;Zone B
33300;Zone B
33800;Zone B
34000;Zone B
34070;Zone B
34080;Zone B
34090;Zone B
35000;Zone B
35200;Zone B
35700;Zone B
36000;Zone A
37000;Zone A
37100;Zone A
38000;Zone B
38100;Zone B
39000;Zone A
40100;Zone A
41000;Zone A
42000;Zone A
42100;Zone A
42230;Zone A
42300;Zone A
43000;Zone A
44000;Zone B
44100;Zone B
44200;Zone B
44300;Zone B
45000;Zone A
45100;Zone A
46000;Zone A
47000;Zone A
48100;Zone A
49000;Zone A
49100;Zone A
49300;Zone A
50000;Zone A
51000;Zone A
51100;Zone A
52000;Zone A
53000;Zone A
54000;Zone B
54100;Zone B
55100;Zone A
56000;Zone A
56100;Zone A
57000;Zone B
57050;Zone B
57070;Zone B
58000;Zone A
59300;Zone A
59500;Zone A
59000;Zone B
59160;Zone B
59260;Zone B
59777;Zone B
59800;Zone B
59160;Zone B
60200;Zone A
61000;Zone A
61100;Zone A
62300;Zone A
63000;Zone B
63100;Zone B
64000;Zone A
64100;Zone A
65000;Zone A
66000;Zone A
66100;Zone A
67000;Zone B
67100;Zone B
67200;Zone B
68000;Zone A
68100;Zone A
68200;Zone A
69000;Zone B
69001;Zone B
69002;Zone B
69003;Zone B
69004;Zone B
69005;Zone B
69006;Zone B
69007;Zone B
69008;Zone B
69009;Zone B
70000;Zone A
71000;Zone A
71100;Zone A
72000;Zone A
72100;Zone A
73000;Zone A
73200;Zone A
74000;Zone A
74100;Zone A
76000;Zone B
76100;Zone B
76600;Zone B
76610;Zone B
76620;Zone B
79000;Zone A
79260;Zone A
80000;Zone A
80080;Zone A
80090;Zone A
81000;Zone A
82000;Zone A
83000;Zone B
83100;Zone B
83200;Zone B
84000;Zone B
84140;Zone B
85000;Zone A
86000;Zone A
87000;Zone A
87100;Zone A
87280;Zone A
88000;Zone A
89000;Zone A
89100;Zone A
90000;Zone A
75;Zone B
77;Zone B
78;Zone B
91;Zone B
92;Zone B
93;Zone B
94;Zone B
95;Zone B
